Model,RMSE,R2,STD
catboost_onehot,0.12238478052039456,0.9026682402775664,0.01632692589829406
boosting_voting_regressor,0.1225223608615122,0.902116067681181,0.0173314410596024
catboost,0.1225825604584599,0.9027735455418886,0.01482797969911663
stacking_regressor,0.12326717532264464,0.90126268930346,0.016898636318591075
xgboost,0.12354746507947027,0.9002600719422412,0.017595066887329914
voting_regressor,0.12438360109134114,0.8973169841985331,0.022267637180057268
lightgbm,0.1317495350845208,0.8873654355719165,0.016863249692352728
dnn,0.13875710906111893,0.8713337182998657,0.025614991916324315
lasso,0.14146726526522813,0.8565915117870325,0.042707975599327014
elasticnet,0.14147159639953055,0.8565267644902453,0.042773213978582886
random_forest,0.1424450333839753,0.8682957341705286,0.018358502672987165
ridge,0.14653448445782594,0.8486335361508933,0.04035175724918325
linear_regression,0.15115577541086797,0.8400361122720235,0.041597171177686056
knn,0.16259576485130792,0.8330772615756092,0.015394000316423444
decision_tree,0.18121900728251614,0.7901278135786937,0.012237288590396
